{
  "rmse": 0.9026901370814241,
  "mae": 0.6980156602199765,
  "ndcg_at_10": 0.01595565239448019,
  "precision_at_10": 0.01488294314381271,
  "recall_at_10": 0.009153159374024736,
  "f1_at_10": 0.011335111459836032,
  "coverage": 0.5663287791978845,
  "best_alpha": 0.5,
  "best_n": 30
}