{
  "baseline": {
    "rmse": 0.8573,
    "mae": 0.6564
  },
  "cf_sgd": {
    "rmse": 0.8236160216217703,
    "mae": 0.6317497219747157,
    "precision_at_10": 0.02625418060200669,
    "recall_at_10": 0.023681825845216862,
    "f1_at_10": 0.024901748335950977,
    "coverage_at_10": 0.1604230938739533
  },
  "cf_svd": {
    "rmse": 0.8464043487202652,
    "mae": 0.6465602115193125,
    "precision_at_10": 0.08344481605351171,
    "recall_at_10": 0.06908837071816205,
    "f1_at_10": 0.07559097804261519,
    "coverage_at_10": 0.07668576465403261
  }
}
